,YEAR,SEX,AGE_GROUP,deaths,rate
0,1979,Males,0–4,50.0,8.6
1,1979,Males,5–9,13.0,1.9
2,1979,Males,10–14,8.0,1.2
3,1979,Males,15–19,27.0,4.0
4,1979,Males,20–24,31.0,4.9
5,1979,Males,25–29,24.0,4.0
6,1979,Males,30–34,8.0,1.4
7,1979,Males,35–39,16.0,3.4
8,1979,Males,40–44,7.0,1.7
9,1979,Males,45–49,16.0,4.1
10,1979,Males,50–54,13.0,3.3
11,1979,Males,55–59,10.0,2.8
12,1979,Males,60–64,16.0,5.7
13,1979,Males,65–69,9.0,3.8
14,1979,Males,70–74,6.0,3.6
15,1979,Males,75–79,4.0,4.0
16,1979,Males,80–84,2.0,4.4
17,1979,Males,85+,1.0,3.8
18,1979,Males,Missing,0.0,
19,1979,Females,0–4,46.0,8.2
20,1979,Females,5–9,5.0,0.8
21,1979,Females,10–14,3.0,0.5
22,1979,Females,15–19,2.0,0.3
23,1979,Females,20–24,1.0,0.2
24,1979,Females,25–29,1.0,0.2
25,1979,Females,30–34,2.0,0.4
26,1979,Females,35–39,2.0,0.5
27,1979,Females,40–44,2.0,0.5
28,1979,Females,45–49,1.0,0.3
29,1979,Females,50–54,4.0,1.0
30,1979,Females,55–59,2.0,0.5
31,1979,Females,60–64,1.0,0.3
32,1979,Females,65–69,2.0,0.7
33,1979,Females,70–74,3.0,1.4
34,1979,Females,75–79,0.0,0.0
35,1979,Females,80–84,1.0,1.1
36,1979,Females,85+,1.0,1.5
37,1979,Females,Missing,0.0,
38,1980,Males,0–4,60.0,10.3
39,1980,Males,5–9,13.0,1.9
40,1980,Males,10–14,8.0,1.2
41,1980,Males,15–19,24.0,3.6
42,1980,Males,20–24,15.0,2.3
43,1980,Males,25–29,25.0,4.1
44,1980,Males,30–34,16.0,2.7
45,1980,Males,35–39,17.0,3.5
46,1980,Males,40–44,15.0,3.6
47,1980,Males,45–49,20.0,5.3
48,1980,Males,50–54,17.0,4.3
49,1980,Males,55–59,8.0,2.2
50,1980,Males,60–64,9.0,3.2
51,1980,Males,65–69,4.0,1.6
52,1980,Males,70–74,2.0,1.2
53,1980,Males,75–79,7.0,6.8
54,1980,Males,80–84,2.0,4.1
55,1980,Males,85+,1.0,3.7
56,1980,Males,Missing,2.0,
57,1980,Females,0–4,36.0,6.5
58,1980,Females,5–9,3.0,0.5
59,1980,Females,10–14,4.0,0.6
60,1980,Females,15–19,2.0,0.3
61,1980,Females,20–24,6.0,1.0
62,1980,Females,25–29,1.0,0.2
63,1980,Females,30–34,3.0,0.5
64,1980,Females,35–39,2.0,0.4
65,1980,Females,40–44,1.0,0.3
66,1980,Females,45–49,1.0,0.3
67,1980,Females,50–54,3.0,0.8
68,1980,Females,55–59,3.0,0.8
69,1980,Females,60–64,2.0,0.6
70,1980,Females,65–69,2.0,0.7
71,1980,Females,70–74,3.0,1.4
72,1980,Females,75–79,1.0,0.7
73,1980,Females,80–84,2.0,2.0
74,1980,Females,85+,1.0,1.4
75,1980,Females,Missing,0.0,
76,1981,Males,0–4,55.0,9.4
77,1981,Males,5–9,23.0,3.5
78,1981,Males,10–14,6.0,0.9
79,1981,Males,15–19,18.0,2.7
80,1981,Males,20–24,15.0,2.3
81,1981,Males,25–29,20.0,3.2
82,1981,Males,30–34,19.0,3.1
83,1981,Males,35–39,17.0,3.4
84,1981,Males,40–44,16.0,3.7
85,1981,Males,45–49,15.0,4.0
86,1981,Males,50–54,10.0,2.5
87,1981,Males,55–59,17.0,4.6
88,1981,Males,60–64,11.0,3.8
89,1981,Males,65–69,11.0,4.4
90,1981,Males,70–74,7.0,4.0
91,1981,Males,75–79,2.0,1.9
92,1981,Males,80–84,2.0,3.8
93,1981,Males,85+,0.0,0.0
94,1981,Males,Missing,0.0,
95,1981,Females,0–4,24.0,4.3
96,1981,Females,5–9,3.0,0.5
97,1981,Females,10–14,4.0,0.6
98,1981,Females,15–19,1.0,0.2
99,1981,Females,20–24,4.0,0.6
100,1981,Females,25–29,3.0,0.5
101,1981,Females,30–34,2.0,0.3
102,1981,Females,35–39,1.0,0.2
103,1981,Females,40–44,3.0,0.7
104,1981,Females,45–49,4.0,1.1
105,1981,Females,50–54,4.0,1.1
106,1981,Females,55–59,3.0,0.8
107,1981,Females,60–64,1.0,0.3
108,1981,Females,65–69,2.0,0.7
109,1981,Females,70–74,3.0,1.3
110,1981,Females,75–79,5.0,3.2
111,1981,Females,80–84,2.0,2.0
112,1981,Females,85+,1.0,1.3
113,1981,Females,Missing,0.0,
114,1982,Males,0–4,55.0,9.3
115,1982,Males,5–9,15.0,2.4
116,1982,Males,10–14,6.0,0.9
117,1982,Males,15–19,20.0,3.0
118,1982,Males,20–24,27.0,4.0
119,1982,Males,25–29,18.0,2.8
120,1982,Males,30–34,14.0,2.3
121,1982,Males,35–39,20.0,3.7
122,1982,Males,40–44,7.0,1.6
123,1982,Males,45–49,13.0,3.4
124,1982,Males,50–54,13.0,3.3
125,1982,Males,55–59,16.0,4.3
126,1982,Males,60–64,10.0,3.3
127,1982,Males,65–69,6.0,2.4
128,1982,Males,70–74,9.0,4.9
129,1982,Males,75–79,4.0,3.6
130,1982,Males,80–84,2.0,3.6
131,1982,Males,85+,2.0,7.0
132,1982,Males,Missing,0.0,
133,1982,Females,0–4,32.0,5.7
134,1982,Females,5–9,2.0,0.3
135,1982,Females,10–14,2.0,0.3
136,1982,Females,15–19,5.0,0.8
137,1982,Females,20–24,2.0,0.3
138,1982,Females,25–29,2.0,0.3
139,1982,Females,30–34,0.0,0.0
140,1982,Females,35–39,2.0,0.4
141,1982,Females,40–44,3.0,0.7
142,1982,Females,45–49,0.0,0.0
143,1982,Females,50–54,1.0,0.3
144,1982,Females,55–59,2.0,0.5
145,1982,Females,60–64,3.0,0.9
146,1982,Females,65–69,3.0,1.0
147,1982,Females,70–74,3.0,1.3
148,1982,Females,75–79,0.0,0.0
149,1982,Females,80–84,1.0,1.0
150,1982,Females,85+,0.0,0.0
151,1983,Males,0–4,66.0,11.0
152,1983,Males,5–9,17.0,2.7
153,1983,Males,10–14,3.0,0.4
154,1983,Males,15–19,16.0,2.4
155,1983,Males,20–24,20.0,2.9
156,1983,Males,25–29,21.0,3.3
157,1983,Males,30–34,22.0,3.5
158,1983,Males,35–39,12.0,2.1
159,1983,Males,40–44,9.0,2.0
160,1983,Males,45–49,14.0,3.6
161,1983,Males,50–54,13.0,3.4
162,1983,Males,55–59,17.0,4.5
163,1983,Males,60–64,6.0,1.9
164,1983,Males,65–69,4.0,1.6
165,1983,Males,70–74,9.0,4.7
166,1983,Males,75–79,6.0,5.2
167,1983,Males,80–84,3.0,5.2
168,1983,Males,85+,0.0,0.0
169,1983,Males,Missing,1.0,
170,1983,Females,0–4,35.0,6.1
171,1983,Females,5–9,2.0,0.3
172,1983,Females,10–14,1.0,0.1
173,1983,Females,15–19,4.0,0.6
174,1983,Females,20–24,1.0,0.2
175,1983,Females,25–29,4.0,0.6
176,1983,Females,30–34,3.0,0.5
177,1983,Females,35–39,2.0,0.4
178,1983,Females,40–44,1.0,0.2
179,1983,Females,45–49,3.0,0.8
180,1983,Females,50–54,4.0,1.1
181,1983,Females,55–59,2.0,0.5
182,1983,Females,60–64,2.0,0.6
183,1983,Females,65–69,2.0,0.7
184,1983,Females,70–74,1.0,0.4
185,1983,Females,75–79,0.0,0.0
186,1983,Females,80–84,1.0,0.9
187,1983,Females,85+,1.0,1.2
188,1983,Females,Missing,0.0,
189,1984,Males,0–4,42.0,6.9
190,1984,Males,5–9,12.0,2.0
191,1984,Males,10–14,10.0,1.4
192,1984,Males,15–19,17.0,2.6
193,1984,Males,20–24,21.0,3.1
194,1984,Males,25–29,18.0,2.8
195,1984,Males,30–34,14.0,2.2
196,1984,Males,35–39,12.0,2.0
197,1984,Males,40–44,8.0,1.7
198,1984,Males,45–49,8.0,2.0
199,1984,Males,50–54,9.0,2.4
200,1984,Males,55–59,10.0,2.6
201,1984,Males,60–64,13.0,3.9
202,1984,Males,65–69,13.0,5.2
203,1984,Males,70–74,6.0,3.0
204,1984,Males,75–79,4.0,3.3
205,1984,Males,80–84,3.0,4.9
206,1984,Males,85+,1.0,3.3
207,1984,Males,Missing,1.0,
208,1984,Females,0–4,26.0,4.5
209,1984,Females,5–9,2.0,0.3
210,1984,Females,10–14,0.0,0.0
211,1984,Females,15–19,2.0,0.3
212,1984,Females,20–24,0.0,0.0
213,1984,Females,25–29,1.0,0.2
214,1984,Females,30–34,1.0,0.2
215,1984,Females,35–39,0.0,0.0
216,1984,Females,40–44,1.0,0.2
217,1984,Females,45–49,1.0,0.3
218,1984,Females,50–54,1.0,0.3
219,1984,Females,55–59,0.0,0.0
220,1984,Females,60–64,4.0,1.1
221,1984,Females,65–69,4.0,1.4
222,1984,Females,70–74,2.0,0.8
223,1984,Females,75–79,4.0,2.3
224,1984,Females,80–84,1.0,0.9
225,1984,Females,85+,0.0,0.0
226,1984,Females,Missing,0.0,
227,1985,Males,0–4,54.0,8.8
228,1985,Males,5–9,22.0,3.7
229,1985,Males,10–14,7.0,1.0
230,1985,Males,15–19,12.0,1.8
231,1985,Males,20–24,17.0,2.5
232,1985,Males,25–29,20.0,3.0
233,1985,Males,30–34,11.0,1.8
234,1985,Males,35–39,15.0,2.4
235,1985,Males,40–44,16.0,3.2
236,1985,Males,45–49,16.0,3.8
237,1985,Males,50–54,7.0,1.9
238,1985,Males,55–59,14.0,3.6
239,1985,Males,60–64,12.0,3.5
240,1985,Males,65–69,4.0,1.6
241,1985,Males,70–74,4.0,1.9
242,1985,Males,75–79,2.0,1.6
243,1985,Males,80–84,1.0,1.6
244,1985,Males,85+,0.0,0.0
245,1985,Males,Missing,0.0,
246,1985,Females,0–4,28.0,4.8
247,1985,Females,5–9,2.0,0.3
248,1985,Females,10–14,2.0,0.3
249,1985,Females,15–19,1.0,0.2
250,1985,Females,20–24,3.0,0.5
251,1985,Females,25–29,1.0,0.2
252,1985,Females,30–34,1.0,0.2
253,1985,Females,35–39,2.0,0.3
254,1985,Females,40–44,2.0,0.4
255,1985,Females,45–49,1.0,0.3
256,1985,Females,50–54,2.0,0.6
257,1985,Females,55–59,3.0,0.8
258,1985,Females,60–64,0.0,0.0
259,1985,Females,65–69,0.0,0.0
260,1985,Females,70–74,3.0,1.2
261,1985,Females,75–79,3.0,1.6
262,1985,Females,80–84,3.0,2.6
263,1985,Females,85+,3.0,3.4
264,1985,Females,Missing,0.0,
265,1986,Males,0–4,55.0,8.9
266,1986,Males,5–9,9.0,1.5
267,1986,Males,10–14,4.0,0.6
268,1986,Males,15–19,21.0,3.0
269,1986,Males,20–24,19.0,2.8
270,1986,Males,25–29,21.0,3.1
271,1986,Males,30–34,8.0,1.3
272,1986,Males,35–39,16.0,2.5
273,1986,Males,40–44,12.0,2.3
274,1986,Males,45–49,10.0,2.3
275,1986,Males,50–54,8.0,2.1
276,1986,Males,55–59,6.0,1.6
277,1986,Males,60–64,6.0,1.7
278,1986,Males,65–69,7.0,2.6
279,1986,Males,70–74,8.0,3.8
280,1986,Males,75–79,3.0,2.3
281,1986,Males,80–84,2.0,3.0
282,1986,Males,85+,0.0,0.0
283,1986,Males,Missing,1.0,
284,1986,Females,0–4,21.0,3.6
285,1986,Females,5–9,0.0,0.0
286,1986,Females,10–14,2.0,0.3
287,1986,Females,15–19,3.0,0.5
288,1986,Females,20–24,2.0,0.3
289,1986,Females,25–29,1.0,0.1
290,1986,Females,30–34,2.0,0.3
291,1986,Females,35–39,0.0,0.0
292,1986,Females,40–44,2.0,0.4
293,1986,Females,45–49,1.0,0.2
294,1986,Females,50–54,2.0,0.6
295,1986,Females,55–59,3.0,0.8
296,1986,Females,60–64,3.0,0.8
297,1986,Females,65–69,3.0,1.0
298,1986,Females,70–74,4.0,1.5
299,1986,Females,75–79,2.0,1.0
300,1986,Females,80–84,1.0,0.8
301,1986,Females,85+,1.0,1.1
302,1986,Females,Missing,0.0,
303,1987,Males,0–4,62.0,9.9
304,1987,Males,5–9,10.0,1.6
305,1987,Males,10–14,5.0,0.8
306,1987,Males,15–19,10.0,1.4
307,1987,Males,20–24,15.0,2.2
308,1987,Males,25–29,21.0,3.0
309,1987,Males,30–34,19.0,2.9
310,1987,Males,35–39,15.0,2.4
311,1987,Males,40–44,13.0,2.3
312,1987,Males,45–49,15.0,3.4
313,1987,Males,50–54,9.0,2.3
314,1987,Males,55–59,18.0,4.7
315,1987,Males,60–64,3.0,0.8
316,1987,Males,65–69,10.0,3.6
317,1987,Males,70–74,6.0,2.8
318,1987,Males,75–79,3.0,2.2
319,1987,Males,80–84,2.0,2.8
320,1987,Males,85+,1.0,2.8
321,1987,Males,Missing,1.0,
322,1987,Females,0–4,18.0,3.0
323,1987,Females,5–9,7.0,1.2
324,1987,Females,10–14,0.0,0.0
325,1987,Females,15–19,0.0,0.0
326,1987,Females,20–24,2.0,0.3
327,1987,Females,25–29,4.0,0.6
328,1987,Females,30–34,2.0,0.3
329,1987,Females,35–39,2.0,0.3
330,1987,Females,40–44,2.0,0.4
331,1987,Females,45–49,0.0,0.0
332,1987,Females,50–54,1.0,0.3
333,1987,Females,55–59,0.0,0.0
334,1987,Females,60–64,3.0,0.8
335,1987,Females,65–69,0.0,0.0
336,1987,Females,70–74,3.0,1.1
337,1987,Females,75–79,5.0,2.5
338,1987,Females,80–84,5.0,4.0
339,1987,Females,85+,1.0,1.0
340,1987,Females,Missing,0.0,
341,1988,Males,0–4,53.0,8.4
342,1988,Males,5–9,14.0,2.2
343,1988,Males,10–14,11.0,1.7
344,1988,Males,15–19,17.0,2.4
345,1988,Males,20–24,11.0,1.6
346,1988,Males,25–29,24.0,3.4
347,1988,Males,30–34,17.0,2.6
348,1988,Males,35–39,10.0,1.6
349,1988,Males,40–44,10.0,1.7
350,1988,Males,45–49,9.0,2.0
351,1988,Males,50–54,11.0,2.8
352,1988,Males,55–59,6.0,1.6
353,1988,Males,60–64,9.0,2.5
354,1988,Males,65–69,12.0,4.1
355,1988,Males,70–74,2.0,0.9
356,1988,Males,75–79,10.0,7.0
357,1988,Males,80–84,4.0,5.4
358,1988,Males,85+,2.0,5.3
359,1988,Males,Missing,0.0,
360,1988,Females,0–4,39.0,6.5
361,1988,Females,5–9,3.0,0.5
362,1988,Females,10–14,1.0,0.2
363,1988,Females,15–19,1.0,0.1
364,1988,Females,20–24,1.0,0.2
365,1988,Females,25–29,2.0,0.3
366,1988,Females,30–34,4.0,0.6
367,1988,Females,35–39,0.0,0.0
368,1988,Females,40–44,1.0,0.2
369,1988,Females,45–49,2.0,0.5
370,1988,Females,50–54,3.0,0.8
371,1988,Females,55–59,1.0,0.3
372,1988,Females,60–64,1.0,0.3
373,1988,Females,65–69,1.0,0.3
374,1988,Females,70–74,3.0,1.1
375,1988,Females,75–79,2.0,1.0
376,1988,Females,80–84,4.0,3.1
377,1988,Females,85+,1.0,1.0
378,1988,Females,Missing,0.0,
379,1989,Males,0–4,56.0,8.8
380,1989,Males,5–9,8.0,1.3
381,1989,Males,10–14,7.0,1.1
382,1989,Males,15–19,22.0,3.0
383,1989,Males,20–24,25.0,3.7
384,1989,Males,25–29,21.0,2.9
385,1989,Males,30–34,14.0,2.1
386,1989,Males,35–39,12.0,1.8
387,1989,Males,40–44,14.0,2.3
388,1989,Males,45–49,7.0,1.5
389,1989,Males,50–54,3.0,0.7
390,1989,Males,55–59,14.0,3.8
391,1989,Males,60–64,4.0,1.1
392,1989,Males,65–69,12.0,3.9
393,1989,Males,70–74,7.0,3.3
394,1989,Males,75–79,9.0,6.0
395,1989,Males,80–84,2.0,2.6
396,1989,Males,85+,7.0,17.5
397,1989,Males,Missing,0.0,
398,1989,Females,0–4,25.0,4.1
399,1989,Females,5–9,0.0,0.0
400,1989,Females,10–14,2.0,0.3
401,1989,Females,15–19,3.0,0.4
402,1989,Females,20–24,5.0,0.8
403,1989,Females,25–29,5.0,0.7
404,1989,Females,30–34,4.0,0.6
405,1989,Females,35–39,0.0,0.0
406,1989,Females,40–44,2.0,0.3
407,1989,Females,45–49,2.0,0.4
408,1989,Females,50–54,4.0,1.0
409,1989,Females,55–59,2.0,0.6
410,1989,Females,60–64,2.0,0.5
411,1989,Females,65–69,1.0,0.3
412,1989,Females,70–74,4.0,1.5
413,1989,Females,75–79,1.0,0.5
414,1989,Females,80–84,6.0,4.5
415,1989,Females,85+,2.0,1.9
416,1989,Females,Missing,0.0,
417,1990,Males,0–4,57.0,8.8
418,1990,Males,5–9,10.0,1.5
419,1990,Males,10–14,8.0,1.3
420,1990,Males,15–19,11.0,1.5
421,1990,Males,20–24,18.0,2.6
422,1990,Males,25–29,23.0,3.2
423,1990,Males,30–34,20.0,2.9
424,1990,Males,35–39,19.0,2.9
425,1990,Males,40–44,13.0,2.0
426,1990,Males,45–49,7.0,1.4
427,1990,Males,50–54,8.0,1.9
428,1990,Males,55–59,5.0,1.4
429,1990,Males,60–64,10.0,2.7
430,1990,Males,65–69,6.0,1.9
431,1990,Males,70–74,3.0,1.4
432,1990,Males,75–79,4.0,2.6
433,1990,Males,80–84,4.0,5.0
434,1990,Males,85+,0.0,0.0
435,1990,Males,Missing,1.0,
436,1990,Females,0–4,34.0,5.5
437,1990,Females,5–9,2.0,0.3
438,1990,Females,10–14,3.0,0.5
439,1990,Females,15–19,3.0,0.4
440,1990,Females,20–24,1.0,0.1
441,1990,Females,25–29,7.0,1.0
442,1990,Females,30–34,1.0,0.1
443,1990,Females,35–39,2.0,0.3
444,1990,Females,40–44,0.0,0.0
445,1990,Females,45–49,1.0,0.2
446,1990,Females,50–54,1.0,0.2
447,1990,Females,55–59,4.0,1.1
448,1990,Females,60–64,1.0,0.3
449,1990,Females,65–69,3.0,0.9
450,1990,Females,70–74,3.0,1.1
451,1990,Females,75–79,4.0,1.8
452,1990,Females,80–84,3.0,2.2
453,1990,Females,85+,0.0,0.0
454,1990,Females,Missing,0.0,
455,1991,Males,0–4,34.0,5.2
456,1991,Males,5–9,12.0,1.8
457,1991,Males,10–14,9.0,1.4
458,1991,Males,15–19,14.0,2.0
459,1991,Males,20–24,18.0,2.5
460,1991,Males,25–29,15.0,2.1
461,1991,Males,30–34,20.0,2.8
462,1991,Males,35–39,15.0,2.3
463,1991,Males,40–44,11.0,1.7
464,1991,Males,45–49,14.0,2.7
465,1991,Males,50–54,9.0,2.1
466,1991,Males,55–59,11.0,3.0
467,1991,Males,60–64,12.0,3.3
468,1991,Males,65–69,4.0,1.2
469,1991,Males,70–74,7.0,3.1
470,1991,Males,75–79,0.0,0.0
471,1991,Males,80–84,3.0,3.6
472,1991,Males,85+,1.0,2.3
473,1991,Males,Missing,0.0,
474,1991,Females,0–4,20.0,3.2
475,1991,Females,5–9,5.0,0.8
476,1991,Females,10–14,1.0,0.2
477,1991,Females,15–19,2.0,0.3
478,1991,Females,20–24,5.0,0.7
479,1991,Females,25–29,2.0,0.3
480,1991,Females,30–34,1.0,0.1
481,1991,Females,35–39,1.0,0.2
482,1991,Females,40–44,2.0,0.3
483,1991,Females,45–49,1.0,0.2
484,1991,Females,50–54,2.0,0.5
485,1991,Females,55–59,3.0,0.8
486,1991,Females,60–64,4.0,1.1
487,1991,Females,65–69,4.0,1.1
488,1991,Females,70–74,1.0,0.4
489,1991,Females,75–79,1.0,0.4
490,1991,Females,80–84,1.0,0.7
491,1991,Females,85+,4.0,3.6
492,1991,Females,Missing,0.0,
493,1992,Males,0–4,50.0,7.6
494,1992,Males,5–9,9.0,1.4
495,1992,Males,10–14,5.0,0.8
496,1992,Males,15–19,21.0,3.1
497,1992,Males,20–24,21.0,2.9
498,1992,Males,25–29,15.0,2.2
499,1992,Males,30–34,13.0,1.8
500,1992,Males,35–39,10.0,1.5
501,1992,Males,40–44,17.0,2.6
502,1992,Males,45–49,12.0,2.1
503,1992,Males,50–54,10.0,2.2
504,1992,Males,55–59,6.0,1.6
505,1992,Males,60–64,5.0,1.4
506,1992,Males,65–69,8.0,2.5
507,1992,Males,70–74,6.0,2.5
508,1992,Males,75–79,4.0,2.5
509,1992,Males,80–84,1.0,1.1
510,1992,Males,85+,2.0,4.2
511,1992,Males,Missing,1.0,
512,1992,Females,0–4,26.0,4.2
513,1992,Females,5–9,4.0,0.6
514,1992,Females,10–14,1.0,0.2
515,1992,Females,15–19,2.0,0.3
516,1992,Females,20–24,5.0,0.7
517,1992,Females,25–29,5.0,0.7
518,1992,Females,30–34,3.0,0.4
519,1992,Females,35–39,7.0,1.0
520,1992,Females,40–44,2.0,0.3
521,1992,Females,45–49,1.0,0.2
522,1992,Females,50–54,3.0,0.7
523,1992,Females,55–59,3.0,0.8
524,1992,Females,60–64,4.0,1.1
525,1992,Females,65–69,4.0,1.1
526,1992,Females,70–74,2.0,0.7
527,1992,Females,75–79,3.0,1.3
528,1992,Females,80–84,0.0,0.0
529,1992,Females,85+,0.0,0.0
530,1992,Females,Missing,0.0,
531,1993,Males,0–4,34.0,5.1
532,1993,Males,5–9,17.0,2.6
533,1993,Males,10–14,4.0,0.6
534,1993,Males,15–19,24.0,3.6
535,1993,Males,20–24,17.0,2.3
536,1993,Males,25–29,21.0,3.1
537,1993,Males,30–34,12.0,1.6
538,1993,Males,35–39,15.0,2.2
539,1993,Males,40–44,20.0,3.1
540,1993,Males,45–49,16.0,2.7
541,1993,Males,50–54,10.0,2.2
542,1993,Males,55–59,9.0,2.4
543,1993,Males,60–64,4.0,1.1
544,1993,Males,65–69,9.0,2.7
545,1993,Males,70–74,9.0,3.6
546,1993,Males,75–79,4.0,2.5
547,1993,Males,80–84,0.0,0.0
548,1993,Males,85+,1.0,2.0
549,1993,Males,Missing,0.0,
550,1993,Females,0–4,21.0,3.3
551,1993,Females,5–9,1.0,0.2
552,1993,Females,10–14,1.0,0.2
553,1993,Females,15–19,3.0,0.5
554,1993,Females,20–24,2.0,0.3
555,1993,Females,25–29,4.0,0.6
556,1993,Females,30–34,1.0,0.1
557,1993,Females,35–39,3.0,0.4
558,1993,Females,40–44,2.0,0.3
559,1993,Females,45–49,0.0,0.0
560,1993,Females,50–54,4.0,0.9
561,1993,Females,55–59,1.0,0.3
562,1993,Females,60–64,0.0,0.0
563,1993,Females,65–69,4.0,1.1
564,1993,Females,70–74,10.0,3.3
565,1993,Females,75–79,1.0,0.4
566,1993,Females,80–84,3.0,1.9
567,1993,Females,85+,1.0,0.8
568,1994,Males,0–4,36.0,5.4
569,1994,Males,5–9,8.0,1.2
570,1994,Males,10–14,5.0,0.8
571,1994,Males,15–19,14.0,2.1
572,1994,Males,20–24,17.0,2.3
573,1994,Males,25–29,21.0,3.1
574,1994,Males,30–34,18.0,2.5
575,1994,Males,35–39,19.0,2.7
576,1994,Males,40–44,12.0,1.8
577,1994,Males,45–49,16.0,2.6
578,1994,Males,50–54,10.0,2.1
579,1994,Males,55–59,7.0,1.8
580,1994,Males,60–64,8.0,2.3
581,1994,Males,65–69,5.0,1.5
582,1994,Males,70–74,8.0,3.0
583,1994,Males,75–79,4.0,2.5
584,1994,Males,80–84,1.0,1.0
585,1994,Males,85+,0.0,0.0
586,1994,Males,Missing,0.0,
587,1994,Females,0–4,12.0,1.9
588,1994,Females,5–9,3.0,0.5
589,1994,Females,10–14,0.0,0.0
590,1994,Females,15–19,1.0,0.2
591,1994,Females,20–24,4.0,0.6
592,1994,Females,25–29,2.0,0.3
593,1994,Females,30–34,1.0,0.1
594,1994,Females,35–39,2.0,0.3
595,1994,Females,40–44,4.0,0.6
596,1994,Females,45–49,4.0,0.7
597,1994,Females,50–54,0.0,0.0
598,1994,Females,55–59,0.0,0.0
599,1994,Females,60–64,1.0,0.3
600,1994,Females,65–69,1.0,0.3
601,1994,Females,70–74,4.0,1.3
602,1994,Females,75–79,1.0,0.4
603,1994,Females,80–84,1.0,0.6
604,1994,Females,85+,0.0,0.0
605,1994,Females,Missing,0.0,
606,1995,Males,0–4,41.0,6.2
607,1995,Males,5–9,6.0,0.9
608,1995,Males,10–14,3.0,0.5
609,1995,Males,15–19,5.0,0.8
610,1995,Males,20–24,29.0,4.0
611,1995,Males,25–29,17.0,2.5
612,1995,Males,30–34,16.0,2.2
613,1995,Males,35–39,9.0,1.3
614,1995,Males,40–44,14.0,2.1
615,1995,Males,45–49,11.0,1.7
616,1995,Males,50–54,6.0,1.2
617,1995,Males,55–59,6.0,1.5
618,1995,Males,60–64,4.0,1.1
619,1995,Males,65–69,7.0,2.1
620,1995,Males,70–74,9.0,3.3
621,1995,Males,75–79,4.0,2.4
622,1995,Males,80–84,3.0,2.9
623,1995,Males,85+,0.0,0.0
624,1995,Males,Missing,0.0,
625,1995,Females,0–4,26.0,4.1
626,1995,Females,5–9,3.0,0.5
627,1995,Females,10–14,1.0,0.2
628,1995,Females,15–19,3.0,0.5
629,1995,Females,20–24,3.0,0.4
630,1995,Females,25–29,3.0,0.4
631,1995,Females,30–34,2.0,0.3
632,1995,Females,35–39,1.0,0.1
633,1995,Females,40–44,0.0,0.0
634,1995,Females,45–49,5.0,0.8
635,1995,Females,50–54,4.0,0.8
636,1995,Females,55–59,6.0,1.5
637,1995,Females,60–64,2.0,0.6
638,1995,Females,65–69,2.0,0.6
639,1995,Females,70–74,2.0,0.6
640,1995,Females,75–79,5.0,2.2
641,1995,Females,80–84,0.0,0.0
642,1995,Females,85+,1.0,0.7
643,1996,Males,0–4,34.0,5.1
644,1996,Males,5–9,9.0,1.4
645,1996,Males,10–14,3.0,0.4
646,1996,Males,15–19,15.0,2.3
647,1996,Males,20–24,17.0,2.4
648,1996,Males,25–29,11.0,1.6
649,1996,Males,30–34,13.0,1.8
650,1996,Males,35–39,15.0,2.1
651,1996,Males,40–44,14.0,2.1
652,1996,Males,45–49,7.0,1.1
653,1996,Males,50–54,14.0,2.7
654,1996,Males,55–59,9.0,2.2
655,1996,Males,60–64,7.0,2.0
656,1996,Males,65–69,5.0,1.5
657,1996,Males,70–74,6.0,2.2
658,1996,Males,75–79,3.0,1.7
659,1996,Males,80–84,4.0,3.8
660,1996,Males,85+,2.0,3.3
661,1996,Males,Missing,0.0,
662,1996,Females,0–4,25.0,4.0
663,1996,Females,5–9,2.0,0.3
664,1996,Females,10–14,2.0,0.3
665,1996,Females,15–19,2.0,0.3
666,1996,Females,20–24,3.0,0.4
667,1996,Females,25–29,2.0,0.3
668,1996,Females,30–34,2.0,0.3
669,1996,Females,35–39,0.0,0.0
670,1996,Females,40–44,4.0,0.6
671,1996,Females,45–49,4.0,0.6
672,1996,Females,50–54,0.0,0.0
673,1996,Females,55–59,1.0,0.2
674,1996,Females,60–64,0.0,0.0
675,1996,Females,65–69,5.0,1.4
676,1996,Females,70–74,4.0,1.2
677,1996,Females,75–79,0.0,0.0
678,1996,Females,80–84,1.0,0.6
679,1996,Females,85+,2.0,1.4
680,1996,Females,Missing,0.0,
681,1997,Males,0–4,38.0,5.7
682,1997,Males,5–9,9.0,1.3
683,1997,Males,10–14,5.0,0.7
684,1997,Males,15–19,17.0,2.6
685,1997,Males,20–24,23.0,3.4
686,1997,Males,25–29,13.0,1.8
687,1997,Males,30–34,17.0,2.4
688,1997,Males,35–39,16.0,2.2
689,1997,Males,40–44,18.0,2.6
690,1997,Males,45–49,16.0,2.5
691,1997,Males,50–54,11.0,2.0
692,1997,Males,55–59,5.0,1.2
693,1997,Males,60–64,7.0,1.9
694,1997,Males,65–69,8.0,2.4
695,1997,Males,70–74,10.0,3.6
696,1997,Males,75–79,1.0,0.5
697,1997,Males,80–84,1.0,0.9
698,1997,Males,85+,1.0,1.6
699,1997,Males,Missing,2.0,
700,1997,Females,0–4,21.0,3.3
701,1997,Females,5–9,3.0,0.5
702,1997,Females,10–14,1.0,0.2
703,1997,Females,15–19,3.0,0.5
704,1997,Females,20–24,1.0,0.2
705,1997,Females,25–29,2.0,0.3
706,1997,Females,30–34,3.0,0.4
707,1997,Females,35–39,2.0,0.3
708,1997,Females,40–44,6.0,0.9
709,1997,Females,45–49,2.0,0.3
710,1997,Females,50–54,3.0,0.6
711,1997,Females,55–59,1.0,0.2
712,1997,Females,60–64,4.0,1.1
713,1997,Females,65–69,1.0,0.3
714,1997,Females,70–74,2.0,0.6
715,1997,Females,75–79,2.0,0.8
716,1997,Females,80–84,3.0,1.7
717,1997,Females,85+,1.0,0.7
718,1997,Females,Missing,0.0,
719,1998,Males,0–4,29.0,4.4
720,1998,Males,5–9,4.0,0.6
721,1998,Males,10–14,2.0,0.3
722,1998,Males,15–19,12.0,1.8
723,1998,Males,20–24,16.0,2.4
724,1998,Males,25–29,20.0,2.8
725,1998,Males,30–34,16.0,2.3
726,1998,Males,35–39,9.0,1.2
727,1998,Males,40–44,10.0,1.4
728,1998,Males,45–49,12.0,1.8
729,1998,Males,50–54,15.0,2.5
730,1998,Males,55–59,9.0,2.0
731,1998,Males,60–64,9.0,2.4
732,1998,Males,65–69,4.0,1.2
733,1998,Males,70–74,11.0,3.8
734,1998,Males,75–79,7.0,3.5
735,1998,Males,80–84,4.0,3.6
736,1998,Males,85+,2.0,2.9
737,1998,Males,Missing,0.0,
738,1998,Females,0–4,19.0,3.0
739,1998,Females,5–9,3.0,0.5
740,1998,Females,10–14,3.0,0.5
741,1998,Females,15–19,6.0,1.0
742,1998,Females,20–24,0.0,0.0
743,1998,Females,25–29,2.0,0.3
744,1998,Females,30–34,2.0,0.3
745,1998,Females,35–39,1.0,0.1
746,1998,Females,40–44,3.0,0.4
747,1998,Females,45–49,4.0,0.6
748,1998,Females,50–54,5.0,0.9
749,1998,Females,55–59,2.0,0.5
750,1998,Females,60–64,2.0,0.5
751,1998,Females,65–69,1.0,0.3
752,1998,Females,70–74,1.0,0.3
753,1998,Females,75–79,3.0,1.1
754,1998,Females,80–84,1.0,0.6
755,1998,Females,85+,0.0,0.0
756,1998,Females,Missing,0.0,
757,1999,Males,0–4,41.0,6.2
758,1999,Males,5–9,5.0,0.7
759,1999,Males,10–14,3.0,0.4
760,1999,Males,15–19,11.0,1.7
761,1999,Males,20–24,19.0,2.9
762,1999,Males,25–29,20.0,2.8
763,1999,Males,30–34,12.0,1.7
764,1999,Males,35–39,15.0,2.0
765,1999,Males,40–44,11.0,1.6
766,1999,Males,45–49,12.0,1.8
767,1999,Males,50–54,14.0,2.3
768,1999,Males,55–59,12.0,2.6
769,1999,Males,60–64,4.0,1.0
770,1999,Males,65–69,6.0,1.8
771,1999,Males,70–74,7.0,2.4
772,1999,Males,75–79,7.0,3.3
773,1999,Males,80–84,2.0,1.8
774,1999,Males,85+,2.0,2.8
775,1999,Males,Missing,0.0,
776,1999,Females,0–4,19.0,3.0
777,1999,Females,5–9,4.0,0.6
778,1999,Females,10–14,0.0,0.0
779,1999,Females,15–19,3.0,0.5
780,1999,Females,20–24,3.0,0.5
781,1999,Females,25–29,6.0,0.8
782,1999,Females,30–34,4.0,0.6
783,1999,Females,35–39,3.0,0.4
784,1999,Females,40–44,2.0,0.3
785,1999,Females,45–49,5.0,0.8
786,1999,Females,50–54,6.0,1.0
787,1999,Females,55–59,4.0,0.9
788,1999,Females,60–64,2.0,0.5
789,1999,Females,65–69,2.0,0.6
790,1999,Females,70–74,2.0,0.6
791,1999,Females,75–79,7.0,2.5
792,1999,Females,80–84,1.0,0.5
793,1999,Females,85+,2.0,1.2
794,1999,Females,Missing,0.0,
795,2000,Males,0–4,43.0,6.6
796,2000,Males,5–9,4.0,0.6
797,2000,Males,10–14,7.0,1.0
798,2000,Males,15–19,6.0,0.9
799,2000,Males,20–24,8.0,1.2
800,2000,Males,25–29,15.0,2.1
801,2000,Males,30–34,20.0,2.8
802,2000,Males,35–39,16.0,2.2
803,2000,Males,40–44,10.0,1.4
804,2000,Males,45–49,3.0,0.5
805,2000,Males,50–54,10.0,1.6
806,2000,Males,55–59,14.0,2.9
807,2000,Males,60–64,7.0,1.8
808,2000,Males,65–69,4.0,1.2
809,2000,Males,70–74,4.0,1.3
810,2000,Males,75–79,3.0,1.4
811,2000,Males,80–84,1.0,0.8
812,2000,Males,85+,4.0,5.2
813,2000,Males,Missing,0.0,
814,2000,Females,0–4,12.0,1.9
815,2000,Females,5–9,1.0,0.2
816,2000,Females,10–14,1.0,0.2
817,2000,Females,15–19,2.0,0.3
818,2000,Females,20–24,3.0,0.5
819,2000,Females,25–29,2.0,0.3
820,2000,Females,30–34,3.0,0.4
821,2000,Females,35–39,3.0,0.4
822,2000,Females,40–44,2.0,0.3
823,2000,Females,45–49,5.0,0.7
824,2000,Females,50–54,3.0,0.5
825,2000,Females,55–59,1.0,0.2
826,2000,Females,60–64,6.0,1.5
827,2000,Females,65–69,1.0,0.3
828,2000,Females,70–74,1.0,0.3
829,2000,Females,75–79,3.0,1.0
830,2000,Females,80–84,1.0,0.5
831,2000,Females,85+,0.0,0.0
832,2000,Females,Missing,0.0,
833,2001,Males,0–4,21.0,3.2
834,2001,Males,5–9,5.0,0.7
835,2001,Males,10–14,3.0,0.4
836,2001,Males,15–19,14.0,2.0
837,2001,Males,20–24,19.0,2.9
838,2001,Males,25–29,20.0,2.9
839,2001,Males,30–34,19.0,2.6
840,2001,Males,35–39,16.0,2.2
841,2001,Males,40–44,23.0,3.2
842,2001,Males,45–49,13.0,1.9
843,2001,Males,50–54,20.0,3.1
844,2001,Males,55–59,12.0,2.4
845,2001,Males,60–64,5.0,1.2
846,2001,Males,65–69,3.0,0.9
847,2001,Males,70–74,5.0,1.7
848,2001,Males,75–79,7.0,3.1
849,2001,Males,80–84,4.0,3.1
850,2001,Males,85+,1.0,1.2
851,2001,Males,Missing,0.0,
852,2001,Females,0–4,16.0,2.6
853,2001,Females,5–9,1.0,0.2
854,2001,Females,10–14,1.0,0.2
855,2001,Females,15–19,2.0,0.3
856,2001,Females,20–24,1.0,0.2
857,2001,Females,25–29,3.0,0.4
858,2001,Females,30–34,1.0,0.1
859,2001,Females,35–39,1.0,0.1
860,2001,Females,40–44,4.0,0.5
861,2001,Females,45–49,3.0,0.4
862,2001,Females,50–54,2.0,0.3
863,2001,Females,55–59,0.0,0.0
864,2001,Females,60–64,4.0,1.0
865,2001,Females,65–69,0.0,0.0
866,2001,Females,70–74,4.0,1.2
867,2001,Females,75–79,7.0,2.4
868,2001,Females,80–84,0.0,0.0
869,2001,Females,85+,1.0,0.5
870,2001,Females,Missing,0.0,
871,2002,Males,0–4,29.0,4.5
872,2002,Males,5–9,8.0,1.2
873,2002,Males,10–14,3.0,0.4
874,2002,Males,15–19,9.0,1.3
875,2002,Males,20–24,11.0,1.6
876,2002,Males,25–29,19.0,2.8
877,2002,Males,30–34,15.0,2.0
878,2002,Males,35–39,9.0,1.2
879,2002,Males,40–44,15.0,2.0
880,2002,Males,45–49,8.0,1.2
881,2002,Males,50–54,14.0,2.2
882,2002,Males,55–59,3.0,0.5
883,2002,Males,60–64,3.0,0.7
884,2002,Males,65–69,5.0,1.5
885,2002,Males,70–74,5.0,1.7
886,2002,Males,75–79,12.0,5.2
887,2002,Males,80–84,3.0,2.2
888,2002,Males,85+,3.0,3.5
889,2002,Males,Missing,2.0,
890,2002,Females,0–4,13.0,2.1
891,2002,Females,5–9,1.0,0.2
892,2002,Females,10–14,2.0,0.3
893,2002,Females,15–19,1.0,0.2
894,2002,Females,20–24,1.0,0.2
895,2002,Females,25–29,3.0,0.4
896,2002,Females,30–34,5.0,0.7
897,2002,Females,35–39,2.0,0.3
898,2002,Females,40–44,3.0,0.4
899,2002,Females,45–49,5.0,0.7
900,2002,Females,50–54,6.0,0.9
901,2002,Females,55–59,4.0,0.8
902,2002,Females,60–64,2.0,0.5
903,2002,Females,65–69,3.0,0.9
904,2002,Females,70–74,1.0,0.3
905,2002,Females,75–79,3.0,1.0
906,2002,Females,80–84,0.0,0.0
907,2002,Females,85+,1.0,0.5
908,2002,Females,Missing,0.0,
909,2003,Males,0–4,17.0,2.6
910,2003,Males,5–9,4.0,0.6
911,2003,Males,10–14,0.0,0.0
912,2003,Males,15–19,12.0,1.7
913,2003,Males,20–24,11.0,1.6
914,2003,Males,25–29,14.0,2.1
915,2003,Males,30–34,7.0,0.9
916,2003,Males,35–39,17.0,2.4
917,2003,Males,40–44,9.0,1.2
918,2003,Males,45–49,11.0,1.6
919,2003,Males,50–54,4.0,0.6
920,2003,Males,55–59,8.0,1.4
921,2003,Males,60–64,8.0,1.8
922,2003,Males,65–69,7.0,2.0
923,2003,Males,70–74,2.0,0.7
924,2003,Males,75–79,4.0,1.7
925,2003,Males,80–84,5.0,3.5
926,2003,Males,85+,3.0,3.4
927,2003,Males,Missing,0.0,
928,2003,Females,0–4,18.0,2.9
929,2003,Females,5–9,2.0,0.3
930,2003,Females,10–14,2.0,0.3
931,2003,Females,15–19,1.0,0.1
932,2003,Females,20–24,2.0,0.3
933,2003,Females,25–29,3.0,0.4
934,2003,Females,30–34,0.0,0.0
935,2003,Females,35–39,2.0,0.3
936,2003,Females,40–44,2.0,0.3
937,2003,Females,45–49,6.0,0.9
938,2003,Females,50–54,4.0,0.6
939,2003,Females,55–59,3.0,0.5
940,2003,Females,60–64,3.0,0.7
941,2003,Females,65–69,4.0,1.1
942,2003,Females,70–74,2.0,0.6
943,2003,Females,75–79,1.0,0.3
944,2003,Females,80–84,1.0,0.5
945,2003,Females,85+,2.0,1.0
946,2003,Females,Missing,0.0,
947,2004,Males,0–4,21.0,3.2
948,2004,Males,5–9,1.0,0.1
949,2004,Males,10–14,4.0,0.6
950,2004,Males,15–19,7.0,1.0
951,2004,Males,20–24,16.0,2.3
952,2004,Males,25–29,7.0,1.0
953,2004,Males,30–34,17.0,2.3
954,2004,Males,35–39,9.0,1.2
955,2004,Males,40–44,10.0,1.3
956,2004,Males,45–49,9.0,1.3
957,2004,Males,50–54,13.0,2.0
958,2004,Males,55–59,4.0,0.7
959,2004,Males,60–64,9.0,2.0
960,2004,Males,65–69,7.0,1.9
961,2004,Males,70–74,5.0,1.7
962,2004,Males,75–79,4.0,1.6
963,2004,Males,80–84,3.0,2.0
964,2004,Males,85+,0.0,0.0
965,2004,Males,Missing,0.0,
966,2004,Females,0–4,12.0,1.9
967,2004,Females,5–9,3.0,0.5
968,2004,Females,10–14,2.0,0.3
969,2004,Females,15–19,0.0,0.0
970,2004,Females,20–24,4.0,0.6
971,2004,Females,25–29,1.0,0.1
972,2004,Females,30–34,5.0,0.7
973,2004,Females,35–39,1.0,0.1
974,2004,Females,40–44,3.0,0.4
975,2004,Females,45–49,4.0,0.6
976,2004,Females,50–54,3.0,0.5
977,2004,Females,55–59,2.0,0.3
978,2004,Females,60–64,1.0,0.2
979,2004,Females,65–69,1.0,0.3
980,2004,Females,70–74,3.0,0.9
981,2004,Females,75–79,2.0,0.7
982,2004,Females,80–84,1.0,0.4
983,2004,Females,85+,3.0,1.5
984,2004,Females,Missing,0.0,
985,2005,Males,0–4,16.0,2.4
986,2005,Males,5–9,5.0,0.7
987,2005,Males,10–14,1.0,0.1
988,2005,Males,15–19,5.0,0.7
989,2005,Males,20–24,10.0,1.4
990,2005,Males,25–29,15.0,2.2
991,2005,Males,30–34,17.0,2.3
992,2005,Males,35–39,12.0,1.6
993,2005,Males,40–44,13.0,1.7
994,2005,Males,45–49,10.0,1.4
995,2005,Males,50–54,7.0,1.1
996,2005,Males,55–59,7.0,1.1
997,2005,Males,60–64,11.0,2.3
998,2005,Males,65–69,8.0,2.1
999,2005,Males,70–74,5.0,1.7
1000,2005,Males,75–79,2.0,0.8
1001,2005,Males,80–84,2.0,1.3
1002,2005,Males,85+,1.0,1.0
1003,2005,Males,Missing,0.0,
1004,2005,Females,0–4,14.0,2.3
1005,2005,Females,5–9,1.0,0.2
1006,2005,Females,10–14,2.0,0.3
1007,2005,Females,15–19,0.0,0.0
1008,2005,Females,20–24,0.0,0.0
1009,2005,Females,25–29,2.0,0.3
1010,2005,Females,30–34,5.0,0.7
1011,2005,Females,35–39,0.0,0.0
1012,2005,Females,40–44,0.0,0.0
1013,2005,Females,45–49,1.0,0.1
1014,2005,Females,50–54,3.0,0.5
1015,2005,Females,55–59,2.0,0.3
1016,2005,Females,60–64,4.0,0.9
1017,2005,Females,65–69,3.0,0.8
1018,2005,Females,70–74,1.0,0.3
1019,2005,Females,75–79,2.0,0.7
1020,2005,Females,80–84,2.0,0.9
1021,2005,Females,85+,3.0,1.5
1022,2005,Females,Missing,0.0,
1023,2006,Males,0–4,24.0,3.6
1024,2006,Males,5–9,3.0,0.4
1025,2006,Males,10–14,0.0,0.0
1026,2006,Males,15–19,9.0,1.3
1027,2006,Males,20–24,11.0,1.5
1028,2006,Males,25–29,10.0,1.4
1029,2006,Males,30–34,18.0,2.5
1030,2006,Males,35–39,9.0,1.2
1031,2006,Males,40–44,13.0,1.7
1032,2006,Males,45–49,15.0,2.1
1033,2006,Males,50–54,12.0,1.8
1034,2006,Males,55–59,9.0,1.4
1035,2006,Males,60–64,7.0,1.4
1036,2006,Males,65–69,7.0,1.8
1037,2006,Males,70–74,5.0,1.7
1038,2006,Males,75–79,3.0,1.2
1039,2006,Males,80–84,4.0,2.4
1040,2006,Males,85+,2.0,1.9
1041,2006,Males,Missing,0.0,
1042,2006,Females,0–4,13.0,2.1
1043,2006,Females,5–9,3.0,0.5
1044,2006,Females,10–14,1.0,0.1
1045,2006,Females,15–19,2.0,0.3
1046,2006,Females,20–24,0.0,0.0
1047,2006,Females,25–29,2.0,0.3
1048,2006,Females,30–34,3.0,0.4
1049,2006,Females,35–39,1.0,0.1
1050,2006,Females,40–44,3.0,0.4
1051,2006,Females,45–49,2.0,0.3
1052,2006,Females,50–54,2.0,0.3
1053,2006,Females,55–59,1.0,0.2
1054,2006,Females,60–64,2.0,0.4
1055,2006,Females,65–69,1.0,0.3
1056,2006,Females,70–74,3.0,0.9
1057,2006,Females,75–79,2.0,0.7
1058,2006,Females,80–84,5.0,2.1
1059,2006,Females,85+,2.0,0.9
1060,2006,Females,Missing,0.0,
1061,2007,Males,0–4,17.0,2.5
1062,2007,Males,5–9,8.0,1.2
1063,2007,Males,10–14,2.0,0.3
1064,2007,Males,15–19,9.0,1.2
1065,2007,Males,20–24,7.0,0.9
1066,2007,Males,25–29,14.0,1.9
1067,2007,Males,30–34,7.0,1.0
1068,2007,Males,35–39,13.0,1.7
1069,2007,Males,40–44,9.0,1.2
1070,2007,Males,45–49,15.0,2.0
1071,2007,Males,50–54,6.0,0.9
1072,2007,Males,55–59,10.0,1.6
1073,2007,Males,60–64,8.0,1.5
1074,2007,Males,65–69,8.0,2.0
1075,2007,Males,70–74,5.0,1.6
1076,2007,Males,75–79,3.0,1.2
1077,2007,Males,80–84,4.0,2.3
1078,2007,Males,85+,0.0,0.0
1079,2007,Males,Missing,0.0,
1080,2007,Females,0–4,13.0,2.0
1081,2007,Females,5–9,3.0,0.5
1082,2007,Females,10–14,3.0,0.4
1083,2007,Females,15–19,0.0,0.0
1084,2007,Females,20–24,1.0,0.1
1085,2007,Females,25–29,1.0,0.1
1086,2007,Females,30–34,1.0,0.1
1087,2007,Females,35–39,1.0,0.1
1088,2007,Females,40–44,1.0,0.1
1089,2007,Females,45–49,3.0,0.4
1090,2007,Females,50–54,5.0,0.7
1091,2007,Females,55–59,4.0,0.6
1092,2007,Females,60–64,4.0,0.8
1093,2007,Females,65–69,1.0,0.2
1094,2007,Females,70–74,3.0,0.9
1095,2007,Females,75–79,2.0,0.7
1096,2007,Females,80–84,0.0,0.0
1097,2007,Females,85+,0.0,0.0
1098,2007,Females,Missing,0.0,
1099,2008,Males,0–4,20.0,2.8
1100,2008,Males,5–9,3.0,0.4
1101,2008,Males,10–14,3.0,0.4
1102,2008,Males,15–19,9.0,1.2
1103,2008,Males,20–24,11.0,1.4
1104,2008,Males,25–29,12.0,1.6
1105,2008,Males,30–34,11.0,1.5
1106,2008,Males,35–39,7.0,0.9
1107,2008,Males,40–44,7.0,0.9
1108,2008,Males,45–49,7.0,0.9
1109,2008,Males,50–54,12.0,1.7
1110,2008,Males,55–59,9.0,1.4
1111,2008,Males,60–64,9.0,1.6
1112,2008,Males,65–69,8.0,1.9
1113,2008,Males,70–74,7.0,2.2
1114,2008,Males,75–79,6.0,2.4
1115,2008,Males,80–84,3.0,1.7
1116,2008,Males,85+,1.0,0.9
1117,2008,Males,Missing,0.0,
1118,2008,Females,0–4,14.0,2.1
1119,2008,Females,5–9,1.0,0.2
1120,2008,Females,10–14,1.0,0.1
1121,2008,Females,15–19,1.0,0.1
1122,2008,Females,20–24,1.0,0.1
1123,2008,Females,25–29,4.0,0.5
1124,2008,Females,30–34,0.0,0.0
1125,2008,Females,35–39,3.0,0.4
1126,2008,Females,40–44,2.0,0.3
1127,2008,Females,45–49,1.0,0.1
1128,2008,Females,50–54,2.0,0.3
1129,2008,Females,55–59,2.0,0.3
1130,2008,Females,60–64,2.0,0.4
1131,2008,Females,65–69,0.0,0.0
1132,2008,Females,70–74,1.0,0.3
1133,2008,Females,75–79,3.0,1.0
1134,2008,Females,80–84,1.0,0.4
1135,2008,Females,85+,0.0,0.0
1136,2008,Females,Missing,0.0,
1137,2009,Males,0–4,15.0,2.0
1138,2009,Males,5–9,4.0,0.6
1139,2009,Males,10–14,2.0,0.3
1140,2009,Males,15–19,9.0,1.2
1141,2009,Males,20–24,16.0,2.0
1142,2009,Males,25–29,13.0,1.6
1143,2009,Males,30–34,13.0,1.8
1144,2009,Males,35–39,9.0,1.1
1145,2009,Males,40–44,14.0,1.9
1146,2009,Males,45–49,6.0,0.8
1147,2009,Males,50–54,7.0,1.0
1148,2009,Males,55–59,6.0,0.9
1149,2009,Males,60–64,7.0,1.2
1150,2009,Males,65–69,7.0,1.6
1151,2009,Males,70–74,9.0,2.7
1152,2009,Males,75–79,5.0,2.0
1153,2009,Males,80–84,4.0,2.2
1154,2009,Males,85+,3.0,2.4
1155,2009,Males,Missing,0.0,
1156,2009,Females,0–4,13.0,1.9
1157,2009,Females,5–9,2.0,0.3
1158,2009,Females,10–14,2.0,0.3
1159,2009,Females,15–19,0.0,0.0
1160,2009,Females,20–24,1.0,0.1
1161,2009,Females,25–29,3.0,0.4
1162,2009,Females,30–34,0.0,0.0
1163,2009,Females,35–39,2.0,0.2
1164,2009,Females,40–44,2.0,0.3
1165,2009,Females,45–49,3.0,0.4
1166,2009,Females,50–54,3.0,0.4
1167,2009,Females,55–59,3.0,0.5
1168,2009,Females,60–64,2.0,0.3
1169,2009,Females,65–69,1.0,0.2
1170,2009,Females,70–74,3.0,0.9
1171,2009,Females,75–79,5.0,1.7
1172,2009,Females,80–84,1.0,0.4
1173,2009,Females,85+,5.0,2.0
1174,2009,Females,Missing,0.0,
1175,2010,Males,0–4,21.0,2.8
1176,2010,Males,5–9,6.0,0.9
1177,2010,Males,10–14,5.0,0.7
1178,2010,Males,15–19,6.0,0.8
1179,2010,Males,20–24,16.0,1.9
1180,2010,Males,25–29,17.0,2.1
1181,2010,Males,30–34,15.0,2.0
1182,2010,Males,35–39,6.0,0.8
1183,2010,Males,40–44,11.0,1.4
1184,2010,Males,45–49,7.0,0.9
1185,2010,Males,50–54,7.0,1.0
1186,2010,Males,55–59,11.0,1.7
1187,2010,Males,60–64,10.0,1.7
1188,2010,Males,65–69,9.0,2.0
1189,2010,Males,70–74,5.0,1.5
1190,2010,Males,75–79,13.0,5.1
1191,2010,Males,80–84,4.0,2.1
1192,2010,Males,85+,3.0,2.3
1193,2010,Males,Missing,0.0,
1194,2010,Females,0–4,12.0,1.7
1195,2010,Females,5–9,0.0,0.0
1196,2010,Females,10–14,1.0,0.1
1197,2010,Females,15–19,0.0,0.0
1198,2010,Females,20–24,1.0,0.1
1199,2010,Females,25–29,0.0,0.0
1200,2010,Females,30–34,2.0,0.3
1201,2010,Females,35–39,2.0,0.2
1202,2010,Females,40–44,3.0,0.4
1203,2010,Females,45–49,5.0,0.6
1204,2010,Females,50–54,2.0,0.3
1205,2010,Females,55–59,4.0,0.6
1206,2010,Females,60–64,2.0,0.3
1207,2010,Females,65–69,4.0,0.9
1208,2010,Females,70–74,2.0,0.6
1209,2010,Females,75–79,3.0,1.0
1210,2010,Females,80–84,3.0,1.2
1211,2010,Females,85+,4.0,1.6
1212,2010,Females,Missing,0.0,
1213,2011,Males,0–4,16.0,2.1
1214,2011,Males,5–9,6.0,0.8
1215,2011,Males,10–14,3.0,0.4
1216,2011,Males,15–19,9.0,1.2
1217,2011,Males,20–24,12.0,1.5
1218,2011,Males,25–29,13.0,1.5
1219,2011,Males,30–34,7.0,0.9
1220,2011,Males,35–39,7.0,0.9
1221,2011,Males,40–44,3.0,0.4
1222,2011,Males,45–49,4.0,0.5
1223,2011,Males,50–54,7.0,0.9
1224,2011,Males,55–59,5.0,0.8
1225,2011,Males,60–64,10.0,1.6
1226,2011,Males,65–69,7.0,1.5
1227,2011,Males,70–74,10.0,2.8
1228,2011,Males,75–79,6.0,2.3
1229,2011,Males,80–84,3.0,1.6
1230,2011,Males,85+,3.0,2.2
1231,2011,Males,Missing,0.0,
1232,2011,Females,0–4,6.0,0.8
1233,2011,Females,5–9,0.0,0.0
1234,2011,Females,10–14,0.0,0.0
1235,2011,Females,15–19,1.0,0.1
1236,2011,Females,20–24,2.0,0.3
1237,2011,Females,25–29,7.0,0.9
1238,2011,Females,30–34,2.0,0.3
1239,2011,Females,35–39,1.0,0.1
1240,2011,Females,40–44,0.0,0.0
1241,2011,Females,45–49,0.0,0.0
1242,2011,Females,50–54,1.0,0.1
1243,2011,Females,55–59,4.0,0.6
1244,2011,Females,60–64,5.0,0.8
1245,2011,Females,65–69,1.0,0.2
1246,2011,Females,70–74,1.0,0.3
1247,2011,Females,75–79,1.0,0.3
1248,2011,Females,80–84,2.0,0.8
1249,2011,Females,85+,2.0,0.8
1250,2011,Females,Missing,0.0,
1251,2012,Males,0–4,15.0,2.0
1252,2012,Males,5–9,7.0,1.0
1253,2012,Males,10–14,3.0,0.4
1254,2012,Males,15–19,6.0,0.8
1255,2012,Males,20–24,14.0,1.7
1256,2012,Males,25–29,19.0,2.2
1257,2012,Males,30–34,12.0,1.5
1258,2012,Males,35–39,9.0,1.2
1259,2012,Males,40–44,8.0,1.0
1260,2012,Males,45–49,10.0,1.3
1261,2012,Males,50–54,8.0,1.1
1262,2012,Males,55–59,15.0,2.2
1263,2012,Males,60–64,8.0,1.3
1264,2012,Males,65–69,7.0,1.4
1265,2012,Males,70–74,8.0,2.2
1266,2012,Males,75–79,5.0,1.9
1267,2012,Males,80–84,1.0,0.5
1268,2012,Males,85+,4.0,2.7
1269,2012,Males,Missing,0.0,
1270,2012,Females,0–4,6.0,0.8
1271,2012,Females,5–9,0.0,0.0
1272,2012,Females,10–14,0.0,0.0
1273,2012,Females,15–19,3.0,0.4
1274,2012,Females,20–24,0.0,0.0
1275,2012,Females,25–29,0.0,0.0
1276,2012,Females,30–34,1.0,0.1
1277,2012,Females,35–39,2.0,0.3
1278,2012,Females,40–44,2.0,0.2
1279,2012,Females,45–49,1.0,0.1
1280,2012,Females,50–54,3.0,0.4
1281,2012,Females,55–59,4.0,0.6
1282,2012,Females,60–64,4.0,0.6
1283,2012,Females,65–69,1.0,0.2
1284,2012,Females,70–74,3.0,0.8
1285,2012,Females,75–79,2.0,0.7
1286,2012,Females,80–84,0.0,0.0
1287,2012,Females,85+,3.0,1.1
1288,2012,Females,Missing,0.0,
1289,2013,Males,0–4,14.0,1.8
1290,2013,Males,5–9,3.0,0.4
1291,2013,Males,10–14,3.0,0.4
1292,2013,Males,15–19,11.0,1.5
1293,2013,Males,20–24,12.0,1.4
1294,2013,Males,25–29,9.0,1.0
1295,2013,Males,30–34,18.0,2.2
1296,2013,Males,35–39,15.0,1.9
1297,2013,Males,40–44,11.0,1.3
1298,2013,Males,45–49,11.0,1.5
1299,2013,Males,50–54,9.0,1.2
1300,2013,Males,55–59,8.0,1.2
1301,2013,Males,60–64,11.0,1.8
1302,2013,Males,65–69,7.0,1.3
1303,2013,Males,70–74,10.0,2.6
1304,2013,Males,75–79,5.0,1.8
1305,2013,Males,80–84,4.0,2.1
1306,2013,Males,85+,1.0,0.6
1307,2013,Males,Missing,0.0,
1308,2013,Females,0–4,13.0,1.8
1309,2013,Females,5–9,1.0,0.1
1310,2013,Females,10–14,1.0,0.1
1311,2013,Females,15–19,0.0,0.0
1312,2013,Females,20–24,1.0,0.1
1313,2013,Females,25–29,3.0,0.3
1314,2013,Females,30–34,0.0,0.0
1315,2013,Females,35–39,2.0,0.3
1316,2013,Females,40–44,5.0,0.6
1317,2013,Females,45–49,6.0,0.8
1318,2013,Females,50–54,0.0,0.0
1319,2013,Females,55–59,4.0,0.6
1320,2013,Females,60–64,7.0,1.1
1321,2013,Females,65–69,1.0,0.2
1322,2013,Females,70–74,0.0,0.0
1323,2013,Females,75–79,1.0,0.3
1324,2013,Females,80–84,3.0,1.2
1325,2013,Females,85+,3.0,1.1
1326,2013,Females,Missing,1.0,
1327,2014,Males,0–4,14.0,1.8
1328,2014,Males,5–9,5.0,0.7
1329,2014,Males,10–14,1.0,0.1
1330,2014,Males,15–19,4.0,0.5
1331,2014,Males,20–24,15.0,1.8
1332,2014,Males,25–29,14.0,1.6
1333,2014,Males,30–34,12.0,1.4
1334,2014,Males,35–39,12.0,1.5
1335,2014,Males,40–44,15.0,1.8
1336,2014,Males,45–49,10.0,1.3
1337,2014,Males,50–54,10.0,1.3
1338,2014,Males,55–59,7.0,1.0
1339,2014,Males,60–64,8.0,1.3
1340,2014,Males,65–69,8.0,1.4
1341,2014,Males,70–74,3.0,0.8
1342,2014,Males,75–79,5.0,1.7
1343,2014,Males,80–84,5.0,2.5
1344,2014,Males,85+,4.0,2.4
1345,2014,Males,Missing,0.0,
1346,2014,Females,0–4,7.0,0.9
1347,2014,Females,5–9,0.0,0.0
1348,2014,Females,10–14,2.0,0.3
1349,2014,Females,15–19,1.0,0.1
1350,2014,Females,20–24,2.0,0.2
1351,2014,Females,25–29,2.0,0.2
1352,2014,Females,30–34,1.0,0.1
1353,2014,Females,35–39,0.0,0.0
1354,2014,Females,40–44,0.0,0.0
1355,2014,Females,45–49,5.0,0.6
1356,2014,Females,50–54,2.0,0.3
1357,2014,Females,55–59,2.0,0.3
1358,2014,Females,60–64,3.0,0.5
1359,2014,Females,65–69,3.0,0.5
1360,2014,Females,70–74,2.0,0.5
1361,2014,Females,75–79,6.0,1.9
1362,2014,Females,80–84,4.0,1.6
1363,2014,Females,85+,0.0,0.0
1364,2014,Females,Missing,0.0,
1365,2015,Males,0–4,13.0,1.6
1366,2015,Males,5–9,5.0,0.6
1367,2015,Males,10–14,1.0,0.1
1368,2015,Males,15–19,8.0,1.1
1369,2015,Males,20–24,12.0,1.4
1370,2015,Males,25–29,19.0,2.1
1371,2015,Males,30–34,10.0,1.1
1372,2015,Males,35–39,6.0,0.8
1373,2015,Males,40–44,11.0,1.3
1374,2015,Males,45–49,7.0,0.9
1375,2015,Males,50–54,11.0,1.4
1376,2015,Males,55–59,4.0,0.6
1377,2015,Males,60–64,8.0,1.3
1378,2015,Males,65–69,10.0,1.7
1379,2015,Males,70–74,7.0,1.7
1380,2015,Males,75–79,6.0,2.0
1381,2015,Males,80–84,1.0,0.5
1382,2015,Males,85+,6.0,3.5
1383,2015,Males,Missing,0.0,
1384,2015,Females,0–4,10.0,1.3
1385,2015,Females,5–9,3.0,0.4
1386,2015,Females,10–14,0.0,0.0
1387,2015,Females,15–19,1.0,0.1
1388,2015,Females,20–24,2.0,0.2
1389,2015,Females,25–29,2.0,0.2
1390,2015,Females,30–34,2.0,0.2
1391,2015,Females,35–39,2.0,0.3
1392,2015,Females,40–44,2.0,0.2
1393,2015,Females,45–49,2.0,0.3
1394,2015,Females,50–54,2.0,0.3
1395,2015,Females,55–59,3.0,0.4
1396,2015,Females,60–64,1.0,0.2
1397,2015,Females,65–69,3.0,0.5
1398,2015,Females,70–74,4.0,0.9
1399,2015,Females,75–79,0.0,0.0
1400,2015,Females,80–84,0.0,0.0
1401,2015,Females,85+,1.0,0.3
1402,2015,Females,Missing,0.0,
1403,2016,Males,0–4,16.0,2.0
1404,2016,Males,5–9,3.0,0.4
1405,2016,Males,10–14,4.0,0.5
1406,2016,Males,15–19,3.0,0.4
1407,2016,Males,20–24,17.0,2.0
1408,2016,Males,25–29,14.0,1.5
1409,2016,Males,30–34,12.0,1.3
1410,2016,Males,35–39,11.0,1.4
1411,2016,Males,40–44,8.0,1.0
1412,2016,Males,45–49,9.0,1.1
1413,2016,Males,50–54,13.0,1.7
1414,2016,Males,55–59,4.0,0.6
1415,2016,Males,60–64,8.0,1.3
1416,2016,Males,65–69,6.0,1.0
1417,2016,Males,70–74,7.0,1.6
1418,2016,Males,75–79,6.0,1.9
1419,2016,Males,80–84,5.0,2.5
1420,2016,Males,85+,6.0,3.3
1421,2016,Males,Missing,0.0,
1422,2016,Females,0–4,13.0,1.7
1423,2016,Females,5–9,2.0,0.3
1424,2016,Females,10–14,2.0,0.3
1425,2016,Females,15–19,1.0,0.1
1426,2016,Females,20–24,2.0,0.2
1427,2016,Females,25–29,2.0,0.2
1428,2016,Females,30–34,1.0,0.1
1429,2016,Females,35–39,4.0,0.5
1430,2016,Females,40–44,1.0,0.1
1431,2016,Females,45–49,2.0,0.2
1432,2016,Females,50–54,3.0,0.4
1433,2016,Females,55–59,2.0,0.3
1434,2016,Females,60–64,0.0,0.0
1435,2016,Females,65–69,4.0,0.7
1436,2016,Females,70–74,2.0,0.4
1437,2016,Females,75–79,3.0,0.9
1438,2016,Females,80–84,0.0,0.0
1439,2016,Females,85+,4.0,1.3
1440,2016,Females,Missing,0.0,
1441,2017,Males,0–4,13.0,1.6
1442,2017,Males,5–9,4.0,0.5
1443,2017,Males,10–14,1.0,0.1
1444,2017,Males,15–19,6.0,0.8
1445,2017,Males,20–24,10.0,1.1
1446,2017,Males,25–29,16.0,1.7
1447,2017,Males,30–34,10.0,1.1
1448,2017,Males,35–39,6.0,0.7
1449,2017,Males,40–44,6.0,0.8
1450,2017,Males,45–49,5.0,0.6
1451,2017,Males,50–54,7.0,0.9
1452,2017,Males,55–59,4.0,0.5
1453,2017,Males,60–64,5.0,0.8
1454,2017,Males,65–69,5.0,0.9
1455,2017,Males,70–74,6.0,1.3
1456,2017,Males,75–79,6.0,1.9
1457,2017,Males,80–84,3.0,1.4
1458,2017,Males,85+,4.0,2.2
1459,2017,Males,Missing,0.0,
1460,2017,Females,0–4,10.0,1.3
1461,2017,Females,5–9,2.0,0.3
1462,2017,Females,10–14,0.0,0.0
1463,2017,Females,15–19,2.0,0.3
1464,2017,Females,20–24,2.0,0.2
1465,2017,Females,25–29,1.0,0.1
1466,2017,Females,30–34,1.0,0.1
1467,2017,Females,35–39,1.0,0.1
1468,2017,Females,40–44,4.0,0.5
1469,2017,Females,45–49,2.0,0.2
1470,2017,Females,50–54,2.0,0.3
1471,2017,Females,55–59,2.0,0.3
1472,2017,Females,60–64,3.0,0.4
1473,2017,Females,65–69,2.0,0.3
1474,2017,Females,70–74,2.0,0.4
1475,2017,Females,75–79,0.0,0.0
1476,2017,Females,80–84,3.0,1.2
1477,2017,Females,85+,4.0,1.3
1478,2017,Females,Missing,0.0,
